AK,AL,AR
0.343254397375068,0.3646940961185263,0.4306546540083743
0.10869505064461735,2.811535869272192e-34,0.05246858546178919
0.0,2.9424133321384666e-34,0.009422791928581163
0.4786354146368567,0.4716834096979949,0.38698755504885096
0.0,0.0021319027123480805,0.0867962087600572
0.0003608646057980262,0.11790706087757903,0.14870901563922642
0.0486714816321091,0.002210792594058504,0.002108250785233817
6.600423961938906e-27,3.557552110921111e-33,4.487885525935444e-36
